Projet;EOV / EBV;Matériel principal;Open-source;Low cost;Science participative;Low tech;Article scientifique;Git;Site web;Coût;Achat possible;Base de donnée;Dissémination;Réplication du projet;Technique;Profondeur max;Gamme de mesure;Résolution (plus petite valeur mesurable);Measurement error «e» (linked to accuracy);Systematic measurement error (linked to truness);Precision (répétabilité, fiabilité);Trueness (exactitude de la moyenne, justesse);Accuracy (exactitude);influence accuracy;Respect de norme;Conclusion;Comparaison capteurs commercial;lien documentation de validation;intégration mécanique;intégration électronique;lien doc technique;mot clé;remarque;Typologie de mise en oeuvre;Indice de réparabilité;Durée de vie;Empreinte carbone
KOSMOS;Poisson;"- Raspberry Pi 4 - Pi cam V2";x;;;x;x;x;x;< 1000 €;;;Bretagne sud;;;10 m;;"1080p30 vidéo, 3280 x 2464 image";;;;;;;;;;https://www.spiedigitallibrary.org/journals/journal-of-electronic-imaging/volume-26/issue-1/013014/Laying-the-foundation-to-use-Raspberry-Pi-3-V2-camera/10.1117/1.JEI.26.1.013014.full;;;;underwater video, monitoring, fishes, benthic habitat, coastal ecosystems, STAVIRO, collective intelligence, open source, citizen science;;;;;
Plankstoscope;Plancton;"- Raspberry Pi 4 - Pi cam V2";x;;;x;x;x;x;< 1000 €;x;x (EcoTaxa);Divers Pays;;;10 m;;"1080p30 vidéo, 3280 x 2464 image,  2.8 µm/px résolution";;;;;;;;;;https://www.spiedigitallibrary.org/journals/journal-of-electronic-imaging/volume-26/issue-1/013014/Laying-the-foundation-to-use-Raspberry-Pi-3-V2-camera/10.1117/1.JEI.26.1.013014.full;;;;PlanktoScope, microplankton, frugal microscopy, quantitative imaging, open source modularity;;;;;
Maka Niu;Poisson;"- Raspberry Pi zero W - Pi cam V2 - gps - capteur de température - capteur de pression";x;x;x;;x technique, x design collaboratif;;;$ 700;;x (Fathomnet);MAP : Bermuda (2), Canada, Cook Islands, Montserrat, Portugal (2), Seychelles, South Africa, Sri Lanka, Trinidad and Tobago, and the United States (8);17 (en 2021);;1500 m;;"vidéo 1080p30, Image 3280 x 2464,";;"Profondeur +- 0,3m,  Gps précis sur un rayon de 3m+-50 %,";;;;;;;image comparer avec les images d’une go pro : résultat identique sauf en 4k ou la go pro est meilleur ( mais go pro n’est pas open source et rajoute un cout);https://www.spiedigitallibrary.org/journals/journal-of-electronic-imaging/volume-26/issue-1/013014/Laying-the-foundation-to-use-Raspberry-Pi-3-V2-camera/10.1117/1.JEI.26.1.013014.full;;;;ocean exploration, marine science, technology, capacity development, artificial intelligence, machine learning, co-design, participatory design;analyse des données avec une IA, dispositif de contrôle de la flottabilité réalisé avec une noix de coco;;;;
IPAX;Zooplancton;"- Raspberry Pi Zero W - Pi Cam V2 - (capteur supplémentaire possible)";;x;;;x;x;;$ 427;;;Coconut Island in Kaneohe Bay, Hawai;;;100 m;;"1080p30 vidéo, 3280 x 2464 image,  Spécimen jusqu’à 100µm";;;;;;;;;"Résultat identique à des rapports prédédents (Alldredge  & King, 1980; Yahel, Yahel, Berman, Jaffe, & Genin, 2005)";https://www.spiedigitallibrary.org/journals/journal-of-electronic-imaging/volume-26/issue-1/013014/Laying-the-foundation-to-use-Raspberry-Pi-3-V2-camera/10.1117/1.JEI.26.1.013014.full;;;;in situ sensor, open soure hardware, underwater imaging, zooplankton;bcp de fichier html à télécharger pour pouvoir les ouvrir sur le git;;;;
FishOasis;Poisson;"- Raspberry A+ - sony a7S II E-mount Camera with Full Frame Sensor - enceinte";DIY;;;;x;x;;$ 4935;;;South La Jolla State Marine reserve;;;60 m;;"4256 x 2848,  Poissons de 10cm à moins de 2m de l’appareil";;;;;;;;;In 14 days, the OIS captured 40% of the fish species recorded during 500 dive transects conducted in the same region over a different three-year period, with similar rank-order abundances (Hastings et al., 2014).;;;;;;observation non invasive (lumière ambiante);;;;
PlashPi;Poisson;"- Raspberry Pi Zero W - Pi cam v2";x;x;;;x;;;200,00 €;;;Norwegian Skagerrak;;;150 m;;1080p30 vidéo, 3280 x 2464 image;;;;;;;;;pression test à 20 bar, theorical light pathway verified with calibration board, 10camera deployer lors de la campagne RV POSEIDON 20,000 image collectées;;;;;Raspberry Pi, Marine imaging, Time series, Open source hardware, Rapid prototyping;;;;;
VIV (video velocimeter);Courant;"- Raspberry Pi - Pi cam V2 - miroir - led";;x;;;x;;;;;;;;étude de la distribution des particules;100 m;"Min : 0 cm/s Max : 20 cm/s";"1080p30 vidéo, 3280 x 2464 image,  Particule de 50µm";"Vx : 1,43 cm/s Vy : 0,5 cm/s";<10 %;;;;;;peut estimer l’écoulement selon x et y mais a une forte erreur selon z;comparaison avec un système ADV FT2ADV;https://www.ysi.com/File%20Library/Documents/Brochures%20and%20Catalogs/flowtracker2-brochure.pdf;;;;In situ oceanic observation, instrumentation/sensor, measurements;;;;;
maker Buoy;"Courants  Elevation des eaux";"- Arduino - panneau solaire - imu - capteur de temperature  - capteur pression";x;x;;;x;x;x;$ 20 - $ 800;x (plusieurs kits);x (service à acheter);"Sud-Ouest des Etats-Unis, Ocean Atlantique, Groenland";;Récupération des données gps et de la pression;Surface;;;;"Position GPS +- 3m  Elevation +- 0,66 m  Presssion +-8 Pa";;;;;;Surveillance environnementale dans des régions difficiles et éloignées, surveillance des niveaux d’eau, suivi d’icebergs;"GPS  Comparaison avec BaroDiver and DPI 740 pressure sensors (elevation)";"https://www.adafruit.com/product/746  https://www.vanessen.com/images/PDFs/TD-Diver-DI8xx-ProductManual-en.pdf  https://www.corame.fr/wp-content/uploads/2016/04/DPI740_COR_EN2008.pdf";;;;"sensor, environmental sensing  Greenland; glacial lake outburst flooding; iceberg tracking; environmental monitoring; affordable sensors; real-time data";vente de service $ 5 pour l’analyse des données et un plan;;;;
SailBuoy Ocean Currents;Courant;"- profileur de courant - optode à oxygène - conductivité (salinité) - température - turbidité";;x;;;x;;x;;x;;Across Atlantic;;Mesure par effet Doppler;0 m, 20 m, 60m;"Min : 0 m/s Max : 0,8 m/s";;;+-0,03 m/s;écart type 0,03 m/s;;;vent, vague;;"Peut devenir une alternative pour la mesure de courant sous réserve de la résolution du décalage Performance déjà utiliser sur d’autre mesure (salinité, température)";;"https://www.nortekgroup.com/fr/products/aquadopp-300m/pdf https://www.aanderaa.com/media/pdfs/td310-dcps-primer.pdf";;;;SailBuoy, ADCP (acoustic Doppler current profiler), ocean current, observation;;;;;
Open CTD;"Salinité Température";"- Arduino - sonde de température - sonde conductivité - capteur de pression";x;x;;;x;x;x;$ 400;;x;USA (East);;Mesure de la conductivité de l’eau;200 m;;;;"Température +-0,1°C Profondeur < 1cm Salinité 1 %";;;;;;Permet une surveillance des océans peu coûteuse, accessible et fiable;comparaison avec les valeurs d’un (NERACOOS) buoys;;;;;lab life, ocean sciences;git complet, matériel standard, outils et consommable;;;;
Salinity (shrimp);Salinité;"- Microship PIC16LF1518 - résistance - potentiomètre - diode";;x;;;x;;;$ 10;;;Bangladesh;réaliser par les fermiers;Mesure de la conductivité de l’eau;;"Min : 0 ppt Max : 40 ppt";;-0,5 ppt ≤ e ≤ 0,5 ppt;erreur de +-0,51 ppt;écart type 0,293 ppt;;;;;Appareil avec une précision suffisante pour réaliser les  mesures pour l’élevage de crevettes;6600 YSI Conductivity Instrument confidence interval 95%;https://www.ysi.com/file%20library/documents/manuals%20for%20discontinued%20products/adv6600.pdf;;;;Bridge circuits ,  Conductivity , Resistance , Current measurement , Conductivity measurement , Batteries , Production;gros impact social;;;;
Salinity with Smartphone;Salinité;- Smartphone Sony Xperia E3;;x;;;x;;;;;;Inde;;"Méthode de Beer-Lambert et Etude des interférences électromagnétiques";Surface;"Min : 0,13 ppt (direct light) 0,04 ppt (U shapped) Max : 100 ppt";;;"erreur +-0,017 ppt (direct light) erreur +-0,011 ppt (U shapped)";« haute »;;;;;Le capteurs conviennent à la surveillance de la salinité dans les études océanographiques;"Comparaison de trois méthode : Beer-lambert, Etude des interférence électromagnétique et Conductivité du milieu (conductimètre de banc 3540, Bibby Scientific)  U shapped mesures/théorie R2=0,984";https://www.ysi.com/exo3;;;;SmartphoneSalinity sensorBeer-Lambert principleSensitivityAmbient light sensor (ALS);utilisation d’application gratuite;;;;
EC DIY;"Salinité Température Profondeur";- Raspberry Pi;DIY;x;;;x;x;;$ 100;;;USA;;Mesure de la conductivité avec 4 électrodes;40 m;"Min : 0 mS/cm Max : 90 mS/cm";0,1 mS/cm;;erreur de +-3 % conductivité;écart type des différents modèles compris entre 0,47 mS et 2,00 mS;;;;;Capteur pertinent qui affiche des résultats similaire à certains dispositifs commerciaux;"YSI-EX03 Corrélation linéaire R2=0,99";https://www.ysi.com/exo3;;;;Low-cost sensor, electronical conductivity, CTD, microPython, Estuarine circulation;;;;;
SmartFluo (chlorophylle a);Fluorescence;- Smartphone (Samsung Galaxy S3 mini);x;x;;;x;;;33€ - 73 € + prix du smartphone;;;MAP : Spain, Ireland, Germany, Norway;;quantification de la lumière rouge  présente sur l’image prise par le téléphone;Surface;"Min : 10 µg/L Max : 250 µg/L";;"1 DN/s ≤ e ≤ 80 DN/s  (plus d’erreur proche de 1 que de 80 DN/s)";;4,5 DN/s (conversion de l’irradiance en nombre numérique par le téléphone selon les normes de colorimétrie);;;charge-couple device (CCD) chip of the camera and its settings e.g., scene mode and white balance;colorimetric standards worked out by Commission Internationale de l’Eclairage 1931 XYZ color space;"Bons résultats avec une précision qui permet d’étudier la présence de chlorophylle  Ne remplace pas complètement les instruments haut de gamme";"LS 55, PerkinElmer corrélation linéaire R2 = 0.98";https://www.s4science.at/wordpress/wp-content/uploads/2019/04/LS-55-Users-Guide.pdf;;;;citizen science, affordable sensors, marine environment, open laboratory ware, LED, 3D printing;"application EyeonWater app  Résolution camera telephone 2560 × 1920";;;;
Fluoromètre Phytoplancton;Fluorescence;"- Arduino Duemilanove - led";;x;;;x;;;$ 150;;;Damariscotta River Estuary, USA;;quantification du voltage transmis après excitation de la chlorophylle avec une led à 448 nm;2 m;"Min : 0 µg/L Max : 100 µg/L";;e ≥ 0,3 µg/L;Erreur 4 % comparer à un instrument commercial;;;;turbidité élevée, température sur des déploiements prolongés;;Précision suffisante pour de nombreuses applications océanographiques et de surveillance de la qualité de l’eau (efflorescences de phytoplancton, détection des proliférations d’algues nuisibles, …);Étalonnage avec le fluoromètre WETStar corrélation linéaire R2=0,886;https://www.comm-tec.com/Prods/mfgs/Wetlabs/brochures/WetStar_specs.pdf;;;;fluorometer, fluorescence, phytoplankton, chlorophyll, Arduino, inexpensive, sensors, oceanography, technology, education;étanchéité réalisé sur un boîtier plexi;;;;
Chlorophyll-a HD DVD;Fluorescence;"- Arduino Nano - lecteur de disque numérique haute définition (HD-DVD)";;x;;;x;;;$ 140;;;;;quantification du voltage transmis après excitation de la chlorophylle avec le laser de l’OPU à 405 nm;Surface;"Min : 0,35 µg/L Max : 100 µg/L";;0 µg/L ≤ e ≤ 4 µg/L;Erreur < 4 %;;;;;;Permet le suivie de la qualité de  l’eau et étends les scénarios d’application des fluorimètres;"Comparaison avec des solutions standards du marché corrélation linéaire R2=0,99 Cf tableau 2 article scientifique";https://www.ysi.com/accessory/id-6025/6025-chlorophyll-sensor;;;;Chlorophyll-aFluorescence detectionOptical pick-up unitPortable deviceWater quality monitoring;;;;;
Fluoromètre Rhodomine;Fluorescence;"- Custom PCB - led";;x;;;x;;;$ 750;;;Quebec;;quantification du voltage transmis après excitation des RWT avec une led à 555 nm;500 m;"Min : 0,2 µg/L Max : 60 µg/L";;0,11 mV ≤ e ≤ 0,37 mV;Erreur 2 %;;;;;;Obtient des résultats qui peuvent compétitif par rapport aux capteurs commerciaux;"Turner Cyclops-7 et AML X2Change R2=0,99";;;;;Optical filters, Underwater vehicles, Prototypes, Fluorescence, Lenses, Optics,Costs;résultat meilleur que certains systèmes du marché;;;;
SSC Sensor;Turbidité;"- ESP32 microcontroller - capteur turbidité (Turbimax CUS52D)";x;x;;;x;x;x;64,00 €;;;Spoel river in Switzerland;;observation de la lumière diffusée par une source LED 805 nm;N.C;"Min : 0 NTU Max : 4000 NTU";;0,4 g/L ≤ e ≤ 16 g/L;10,00 %;;;;;;Récupération de donnée à moindre coût qui nécessite un post traitement en prenant la moyenne sur un intervalle d’échantillonnage;"turbidimètres CUS51D et CUS52D de chez Endress+Hauser Comparaison mesures/valeurs attendues R2=0,984";;;;;ammonia,  NH3, fluorescence sensor, pigs;;;;;
STAR;Turbidité;"- photodiode - led";;x;;;x;;;$ 70;;;New York;;observation d’une tension de référence et mesure et de la tension de la photodiode qui voit le milieu;70 m;"Min : 8 NTU Max : 100 NTU  Test réalisé jusqu’à 815 NTU avec une autre version";0,01 NTU;0,3 % ≤ e ≤ 5,4 %;+-0,11 NTU;Écart-type 0,13 NTU;;;;;Performance fiables et précises;"Campbell Scientific OBS-3+  YSI 6920 sonde equipped with an optical turbidity sensor cf figure 10";https://www.campbellsci.com/obs-3plus;;;;Environmental monitoring, Fluorescence, Fluorometer,nephelometer, optical backscatter,turbidimeter, turbidity sensor, Underwater, technology, water quality;;;;;
Smart Turbimeter;Turbidité;"- Arduino possible - photodiode - photorésistance";;x;;;x;;;9,00 €;;;;;observation de la quantité de lumière avec la photorésistance (différenciation des espèces) et de l’intensité de la lumière grâce a la photodiode (calcul de la turbidité);Surface;"Min : 12 NTU Max : 200 NTU";0,01 NTU;e ≤ 3,27%;+-0,13 NTU with Red light;;;;;;Prototype capable de déterminer la turbidité et de différencier la turbidité sédimentaire de la turbidité phytoplanctonique;"Hach 2100N  Expérience à déterminer";https://fr.hach.com/2100n-turbidimetre-de-laboratoire-epa-180-1-230-v/product-details?id=24929167924;;;;Turbidity sensorPhytoplanktonSuspended sedimentWater qualityFish farms;différencie phytoplancton et sédiment;;;;
Low power sensor;Turbidité;"- phototransistor - photodiode";;x;;;x;;;2 à 3 fois moins cher que ceux sur le marché;;;;;mesure de l’intensité de la lumière diffusée et de la lumière transmise;Surface;"Min : 0 NTU Max : 1000 NTU";"0,1 NTU jusqu’à 100 NTU 1,0 après 100 NTU";;"15 % jusqu’à 100 NTU 25 % après 100 NTU";;;;;ISO7027;Capteur moins précis que ceux du marché mais qui permet de suivre les changement de qualité de l’eau avec des résultat acceptable en diminuant le coût;HI 93703;;;;;Monitoring , Wireless sensor networks , Sensor systems , Calibration , Phototransistors , Light sources;;;;;
